name,path,P0,Delta_P,T,tr,run_time,spinup_time,output_dt,cycles,nested,sawtooth,inv_sawtooth,tc,t_som,som_mag,Delta_v,notes
Yellowstone_Run0,Runs/run0,1000000,250000,15,1,630,500,0.1,2,0,0,1,0,0,Source dim 50% of CR dim. Source at CR depth. Gravity is on,"Secondary pressure function shift = 15. Ellipsoidal source, ellipsodial CR. CR radii (x,y,z) = (30,50,5.0)km. Primary source radii (x,y,z) = 20km, 40km, 2.5km. Primary source depth 10 km. Secondary source radii (x,y,z) = 10km, 20km, 1.0km. Secondary source at 14km depth with -35 km x offset. Shallow source outside of CR. Realistic Vs structure. Identical to Double_Pres10, with secondary source shifted down from 4 to 14 km depth. Identical to above but with initial stress state defined for gravity",
Yellowstone_Run1,Runs/run1,1000000,250000,15,1,630,500,0.1,2,0,0,1,59.1092200840239,0,0,,
Yellowstone_Run2,Runs/run2,1000000,250000,15,1,630,500,0.1,2,0,0,1,13.2351227393812,0,0,12.011813246139,Source dim 50% of CR dim. Source at CR depth (6.5 km). Gravity is off
Yellowstone_Run3,Runs/run3,1000000,250000,15,1,630,500,0.1,2,0,0,1,13.8564200498349,0,0,11.0866457916434,Source dim 50% of CR dim. Source depth = 7.25 km (0.5 km from bottom of CR). Gravity is off
Yellowstone_Run4,Runs/run4,1000000,250000,15,1,630,500,0.1,2,0,0,1,12.9445735029194,0,0,13.1336979158478,Source dim 50% of CR dim. Source depth = 5.75 km (0.5 km from top of CR). Gravity is off
Yellowstone_Run5,Runs/run5,1000000,250000,15,1,630,500,0.1,2,0,0,1,17.2715153197105,0,0,2.73738653038212,Source dim 25% of CR dim. Source depth = 6.5 km (same depth as CR)
Yellowstone_Run6,Runs/run6,1000000,250000,15,1,630,500,0.1,2,0,0,1,18.8602426633867,0,0,2.35265994467566,Source dim 25% of CR dim. Source depth = 7.875 km (bottom 0.5 km above CR bottom)
Yellowstone_Run7,Runs/run7,1000000,250000,15,1,630,500,0.1,2,0,0,1,17.2938511421515,0,0,3.02139360281885,Source dim 25% of CR dim. Source depth = 5.125 km (top 0.5 km below CR top)
Yellowstone_Run8,Runs/run8,1000000,250000,15,1,630,500,0.1,2,0,0,1,9.38444010050664,0,0,35.497278946053,Source dim 80% of CR dim. Source depth = 6.5 km (CR deptj)
Yellowstone_Run9,Runs/run9,1000000,250000,15,0.1,630,500,0.1,2,0,0,1,4.1435000095119,0,0,"Source dim 50% of CR dim. Source depth = 6.5 km (same depth as CR) Identical to run2, except with eta_CR=1.261E17 Pa s",
Yellowstone_Run10,Runs/run10,1000000,250000,15,0.1,630,500,0.1,2,0,0,1,13.8564200498349,0,0,11.0866457916434,Source dim 50% of CR dim. Source depth = 7.25 km (0.5 km from bottom of CR). Identical to run3 except with eta_CR=1.261E17 Pa s
Yellowstone_Run11,Runs/run11,1000000,250000,15,0.1,630,500,0.1,2,0,0,1,13.8564200498349,0,0,11.0866457916434,Source dim 50% of CR dim. Source depth = 5.75km (0.5 km from top of CR). Identical to run4 except with eta_CR=1.261E17 Pa s
Yellowstone_Run12,Runs/run12,1000000,250000,15,0.1,630,500,0.1,2,0,0,1,4.97569080210207,0,0,Source dim 25% of CR dim. Source depth = 6.5 km (same depth as CR) Identical to run5 except with eta_CR=1.261E17 Pa s,
Yellowstone_Run13,Runs/run13,1000000,250000,15,0.1,630,500,0.1,2,0,0,1,4.57387932463214,0,0,Source dim 25% of CR dim. Source depth = 7.875 km (0.5 km from bottom of CR) Identical to run5 except with eta_CR=1.261E17 Pa s,
Yellowstone_Run14,Runs/run14,1000000,250000,15,0.1,630,500,0.1,2,0,0,1,0,0,Source dim 25% of CR dim. Source depth = 5.125 km (0.5 km from top of CR) Identical to run5 except with eta_CR=1.261E17 Pa s,,
Yellowstone_Run15,Runs/run15,1000000,250000,15,0.1,630,500,0.1,2,0,0,1,4.97569080210207,0,0,Source dim 25% of CR dim. Source depth = 6.5 km (same depth as CR) Identical to run12 except with an upside down sawtooth pressure function,
Yellowstone_Run16,Runs/run16,1000000,250000,15,0.1,630,500,0.1,2,0,0,1,5.62272609534116,0,0,Source dim 10% of CR dim. Source depth = 6.5 km (same depth as CR),
Yellowstone_Run17,Runs/run17,1000000,250000,15,0.1,630,500,0.1,2,0,0,1,5.62272609534116,0,0,"Source dim 10% of CR dim. Source depth = 6.5 km (same depth as CR), upside down sawtooth",
Yellowstone_Run18,Runs/run18,1000000,250000,30,0.1,660,500,0.1,2,0,0,1,4.97569080210207,0 0,0.30287153034747066 0.42373147840204695,Source dim 25% of CR dim. Source depth = 6.5 km (same depth as CR),
Yellowstone_Run19,Runs/run19,1000000,250000,15,0.1,630,500,0.1,2,0,0,1,5.93764795002082,0,0,"Source dim 10% of CR dim. Source depth =4.75 km (top of source 0.5 km below top of CR), upside down sawtooth",
Yellowstone_Run20,Runs/run20,1000000,250000,15,0.1,630,500,0.1,2,0,0,1,6.22187007617174,0,0,0.792144915144368,"Source dim 10% of CR dim. Source depth =8.25 km (bottom of source 0.5 km above bottom of CR), upside down sawtooth"
Yellowstone_Run21,Runs/run21,1000000,250000,15,0.1,630,500,0.1,2,0,0,1,4.68716450078625,0,0,9.16908526156074,"Source dim 25% of CR dim. Source depth =7.875 km (bottom of source 0.5 km above bottom of CR), upside down sawtooth"
Yellowstone_Run22,Runs/run22,1000000,250000,15,0.1,630,500,0.1,2,0,0,1,4.98966621326686,0,0,10.9929778252589,"Source dim 25% of CR dim. Source depth =5.125 km (top of source 0.5 km below top of CR), upside down sawtooth"
Yellowstone_Run23,Runs/run23,1000000,250000,50,0.1,700,500,0.1,2,0,0,1,5.09438547102376,0,0,5.18680407783224,Source dim 25% of CR dim. Source depth = 6.5 km (same depth as CR)
Yellowstone_Run24,Runs/run24,1000000,250000,30,0.1,660,500,0.1,2,0,0,1,4356.8814733452,0,0,"Source dim 25% of usual CR dim. Source depth = 6.5 km, NO CR!",
Yellowstone_Run24_2,Runs/run24_2,1000000,250000,30,0.1,660,500,0.1,2,0,0,1,"Source dim 25% of usual CR dim. Source depth = 6.5 km, NO CR! Copy of run24 to verify volcan is working",,,,
Yellowstone_Run25,Runs/run25,1000000,250000,30,0.1,660,500,0.1,2,0,0,1,6033.54336444606,0,0,0.986705345706947,"Source dim 25% of usual CR dim. Source depth = 8.5 km, NO CR!"
Yellowstone_Run26,Runs/run26,1000000,250000,30,0.1,660,500,0.1,2,0,0,1,3959.40954563547,0,0,2.84301831164611,"Source dim 25% of usual CR dim. Source depth = 6.5 km, NO CR!"
Yellowstone_Run27,Runs/run27,1000000,250000,30,0.1,660,500,0.1,2,0,0,1,4.2283737053404,0,0.068436920106797,27.0678247150452,Source dim 50% of CR dim. Source depth = 6.5 km (same depth as CR)
Yellowstone_Run28,Runs/run28,1000000,250000,50,0.1,700,500,0.1,2,0,0,1,4.2283737053404,0 0,0.6393827621057389 0.3608893221077653,19.5164562231955,Source dim 50% of CR dim. Source depth = 6.5 km (same depth as CR)
Yellowstone_Run29,Runs/run29,1000000,250000,30,0.1,660,500,0.1,2,0,0,1,0,0,64.7483193784842,Source dim 80% of CR dim. Source depth = 6.5 km (same depth as CR),
Yellowstone_Run30,Runs/run30,1000000,250000,50,0.1,700,500,0.1,2,0,0,1,0,0,40.842070535668,Source dim 80% of CR dim. Source depth = 6.5 km (same depth as CR),
Yellowstone_Run31,Runs/run31,1000000,250000,30,0.1,660,500,0.1,2,0,0,1,0,0.305431595322628,38.5697384841255,Source dim 50% of uniform CR dim. Source depth = 6.5 km (same depth as CR). Nested CR with double uniform CR dimensions,
Yellowstone_Run32,Runs/run32,1000000,250000,15,0.1,630,500,0.1,2,0,0,1,0,0,43.4577945319001,Source dim 50% of uniform CR dim. Source depth = 6.5 km (same depth as CR).,
Yellowstone_Run33,Runs/run33,1000000,250000,15,0.1,630,500,0.1,2,0,0,1,0,0,119.44405616608,Source dim 80% of uniform CR dim. Source depth = 6.5 km (same depth as CR).,
Yellowstone_Run34,Runs/run34,1000000,250000,30,0.1,910,750,0.1,2,0,0,1,5.30758007780852,0,1.69384264304108,33.1698371634245,"Source dim 50% of uniform CR dim. Source depth = 6.5 km (same depth as CR). Nested CR with 1.5 times uniform CR dimensions. Nested bounds are 0.5, 0.9"
Yellowstone_Run35,Runs/run35,1000000,250000,20,0.1,640,500,0.1,2,0,0,1,5.76887727858337,0,4.88785160522402,0.909559913347776,"Source dim 10% of CR dim. Source depth = 6.5 km (same depth as CR), upside down sawtooth"
Yellowstone_Run36,Runs/run36,1000000,250000,20,0.1,640,500,0.1,2,0,0,1,5.09438547102376,0,0,8.61152133987525,"Source dim 25% of CR dim. Source depth = 6.5 km (same depth as CR), upside down sawtooth"
Yellowstone_Run37,Runs/run37,1000000,250000,20,0.1,640,500,0.1,2,0,0,1,4.2283737053404,0,0,35.5637358999957,"Source dim 50% of CR dim. Source depth = 6.5 km (same depth as CR), upside down sawtooth"
Yellowstone_Run38,Runs/run38,1000000,250000,20,0.1,640,500,0.1,2,0,0,1,2.69094967645611,0,0,92.9247178479132,"Source dim 80% of CR dim. Source depth = 6.5 km (same depth as CR), upside down sawtooth"
Yellowstone_Run39,Runs/run39,1000000,250000,30,0.1,910,750,0.1,2,0,0,1,1613178304542700,0,0.24937641913405,24.8607130758312,"Source dim 50% of uniform CR dim. Source depth = 6.5 km (same depth as CR). Nested CR with 1.5 times uniform CR dimensions. CR has eta=10^17 unto 90%, then eta=10^19"
Yellowstone_Run40,Runs/run40,1000000,250000,30,0.01,910,750,0.1,2,0,0,1,2.7288527606784,0,1.74548747923778,44.7397407961031,"Source dim 50% of uniform CR dim. Source depth = 6.5 km (same depth as CR). eta_CR=1.261*10^16 Nested CR with 1.5 times uniform CR dimensions. CR has eta=10^16 unto 90%, then eta=10^18"
Yellowstone_Run41,Runs/run41,1000000,250000,15,0.1,880,750,0.1,2,0,0,1,3.87953476002158,0,1.32427683893543,40.230175278877,"Source dim 50% of uniform CR dim. Source depth = 6.5 km (same depth as CR). Nested CR with 1.5 times uniform CR dimensions. CR has eta=10^17 unto 90%, then eta=10^19"
Yellowstone_Run42,Runs/run42,1000000,250000,20,0.1,890,750,0.1,2,0,0,1,3.87953476002158,0,0,33.0980621486662,"Source dim 50% of uniform CR dim. Source depth = 6.5 km (same depth as CR). Nested CR with 1.5 times uniform CR dimensions. CR has eta=10^17 unto 90%, then eta=10^19"
Yellowstone_Run43,Runs/run43,1000000,250000,50,0.1,950,750,0.1,2,0,0,1,3.87953476002158,0,0.794733223650856,17.0793776836363,"Source dim 50% of uniform CR dim. Source depth = 6.5 km (same depth as CR). Nested CR with 1.5 times uniform CR dimensions. CR has eta=10^17 unto 90%, then eta=10^19"
Yellowstone_Run44,Runs/run44,1000000,250000,15,0.1,880,750,0.1,2,0,0,1,4.22140767366461,0,0,9.40811677660746,"Source dim 25% of uniform CR dim. Source depth = 6.5 km (same depth as CR). Nested CR with 1.5 times uniform CR dimensions. CR has eta=10^17 unto 90%, then eta=10^19"
Yellowstone_Run45,Runs/run45,1000000,250000,20,0.1,890,750,0.1,2,0,0,1,4.22140767366461,0,0,7.84153856981764,"Source dim 25% of uniform CR dim. Source depth = 6.5 km (same depth as CR). Nested CR with 1.5 times uniform CR dimensions. CR has eta=10^17 unto 90%, then eta=10^19"
Yellowstone_Run46,Runs/run46,1000000,250000,30,0.1,910,750,0.1,2,0,0,1,4.22140767366461,0,0,5.93553122006078,"Source dim 25% of uniform CR dim. Source depth = 6.5 km (same depth as CR). Nested CR with 1.5 times uniform CR dimensions. CR has eta=10^17 unto 90%, then eta=10^19"
Yellowstone_Run47,Runs/run47,1000000,250000,50,0.1,950,750,0.1,2,0,0,1,4.22140767366461,0,0,4.15208552919787,"Source dim 25% of uniform CR dim. Source depth = 6.5 km (same depth as CR). Nested CR with 1.5 times uniform CR dimensions. CR has eta=10^17 unto 90%, then eta=10^19"
Yellowstone_Run48,Runs/run48,1000000,250000,15,0.1,880,750,0.1,2,0,0,1,3.34741586474147,0,0.085420842866303,97.6479547609998,"Source dim 80% of uniform CR dim. Source depth = 6.5 km (same depth as CR). Nested CR with 1.5 times uniform CR dimensions. CR has eta=10^17 unto 90%, then eta=10^19"
Yellowstone_Run49,Runs/run49,1000000,250000,20,0.1,890,750,0.1,2,0,0,1,3.34741586474147,0,1.69696376250137,78.0589407203174,"Source dim 80% of uniform CR dim. Source depth = 6.5 km (same depth as CR). Nested CR with 1.5 times uniform CR dimensions. CR has eta=10^17 unto 90%, then eta=10^19"
Yellowstone_Run50,Runs/run50,1000000,250000,30,0.1,910,750,0.1,2,0,0,1,3.34741586474147,1,1.50961386296188,56.9855862929624,"Source dim 80% of uniform CR dim. Source depth = 6.5 km (same depth as CR). Nested CR with 1.5 times uniform CR dimensions. CR has eta=10^17 unto 90%, then eta=10^19"
Yellowstone_Run51,Runs/run51,1000000,250000,50,0.1,950,750,0.1,2,0,0,1,"Source dim 80% of uniform CR dim. Source depth = 6.5 km (same depth as CR). Nested CR with 1.5 times uniform CR dimensions. CR has eta=10^17 unto 90%, then eta=10^19",,,,
Yellowstone_Run52,Runs/run52,1000000,250000,15,0.1,880,750,0.1,2,0,0,1,3.90641280449614,0,0,0.901804177950598,"Source dim 10% of uniform CR dim. Source depth = 6.5 km (same depth as CR). Nested CR with 1.5 times uniform CR dimensions. CR has eta=10^17 unto 90%, then eta=10^19"
Yellowstone_Run53,Runs/run53,1000000,250000,20,0.1,890,750,0.1,2,0,0,1,3.90641280449614,0,0,0.740763662342373,"Source dim 10% of uniform CR dim. Source depth = 6.5 km (same depth as CR). Nested CR with 1.5 times uniform CR dimensions. CR has eta=10^17 unto 90%, then eta=10^19"
Yellowstone_Run54,Runs/run54,1000000,250000,30,0.1,910,750,0.1,2,0,0,1,"Source dim 10% of uniform CR dim. Source depth = 6.5 km (same depth as CR). Nested CR with 1.5 times uniform CR dimensions. CR has eta=10^17 unto 90%, then eta=10^19",0,0,0.546578047105281,
Yellowstone_Run55,Runs/run55,1000000,250000,50,0.1,950,750,0.1,2,0,0,1,"Source dim 10% of uniform CR dim. Source depth = 6.5 km (same depth as CR). Nested CR with 1.5 times uniform CR dimensions. CR has eta=10^17 unto 90%, then eta=10^19",0,0,0.419870589707559,
Yellowstone_Run56,Runs/run56,1000000,250000,30,0.1,910,750,0.1,2,0,0,1,4.50562029896336,0,0,42.3642828137692,"Source dim 50% of uniform CR dim. Source depth = 6.5 km (same depth as CR). Nested CR with 1.5 times uniform CR dimensions. CR has eta=10^17 unto 90%, then eta=10^19. Viscoelastic envelope extending from surface to 15 km. Dimensions are 2.5 times uniform CR dimensions. Viscosity is 10^3 times uniform CR viscosity"
Yellowstone_Run57,Runs/run57,1000000,250000,30,0.01,910,750,0.1,2,0,0,1,3.71298335966154,0,0,19.8511584717732,"Source dim 25% of uniform CR dim. Source depth = 6.5 km (same depth as CR). Nested CR with 1.5 times uniform CR dimensions. CR has eta=10^16 unto 90%, then eta=10^18. Viscoelastic envelope extending from surface to 15 km. Dimensions are 2.5 times uniform CR dimensions. Viscosity is 10^3 times uniform CR viscosity"
Yellowstone_Run58,Runs/run58,1000000,250000,30,0.1,910,750,0.1,2,0,0,1,"Source dim 25% of uniform CR dim. Source depth = 6.5 km (same depth as CR). Elliptical cylinder CR, height is 5 km",,,,
Yellowstone_Run59,Runs/run59,1000000,250000,30,1,910,750,0.1,2,0,0,1,21.483292880652,0,0,2.48202880154884,"Source dim 25% of uniform CR dim. Source depth = 6.5 km (same depth as CR). Elliptical cylinder CR, height is 5 km"
Yellowstone_Run60,Runs/run60,1000000,250000,30,1,910,750,0.1,2,0,0,1,20.5276507385539,0,0,2.10200357439472,"Source dim 25% of uniform CR dim. Source depth = 6.5 km (same depth as CR). Uniform CR, height is 4 km, nested is 5 km. Nested CR x,y dim are 1.5x uniform dim. Eta=10^18 until 80% then 10^20"
Yellowstone_Run61,Runs/run61,1000000,250000,30,0.1,910,750,0.1,2,0,0,1,5.00311431399057,0,0,5.70264854924433,"Source dim 25% of uniform CR dim. Source depth = 6.5 km (same depth as CR). Uniform CR, height is 4 km, nested is 5 km. Nested CR x,y dim are 1.5x uniform dim. Eta=10^18 until 80% then 10^20"
Yellowstone_Run62,Runs/run62,1000000,250000,30,0.1,910,750,0.1,2,0,0,1,5.00002793169865,0,0,6.00686470195366,"Source dim 25% of uniform CR dim. Source depth = 6.5 km (same depth as CR). Uniform CR, height is 4 km, nested is 9 km extending from 4km-13km. Nested CR x,y dim are 2x uniform dim. Eta=10^17 until 80% then 10^20"
Yellowstone_Run63,Runs/run63,1000000,250000,30,0.1,910,750,0.1,2,0,0,1,4.36519062980441,0,3.58041427197797,4.78860115379148,"Source dim 25% of uniform CR dim. Source depth = 6.5 km (same depth as CR). Uniform CR, height is 4 km, nested is 16 km extending from 4km-20km. Nested CR x,y dim are 3x uniform dim. Eta=10^17 until 70%, then increases by an order of magnitude at 70, 80, 90%."
Yellowstone_Run64,Runs/run64,1000000,250000,30,0.1,260,100,0.1,2,0,0,1,5.09438547102376,0 0,1.428719674631969 0.5428852341166882,7.96191240407586,Source dim 25% of CR dim. Source depth = 6.5 km (same depth as CR). Upside down sawtooth. Test to compare against COMSOL run
Yellowstone_Run65,Runs/run65,1000000,250000,30,0.1,940,750,0.1,3,0,0,0,4.36519062980441,0,0,9.88894823306768,"Source dim 25% of uniform CR dim. Source depth = 6.5 km (same depth as CR). Uniform CR, height is 4 km, nested is 16 km extending from 4km-20km. Nested CR x,y dim are 3x uniform dim. Eta=10^17 until 70%, then increases by an order of magnitude at 70, 80, 90%."
Yellowstone_Run66,Runs/run66,1000000,250000,30,0.01,910,750,0.1,2,0,0,1,2.81181324166713,0,0,20.1314814631518,"Source dim 25% of uniform CR dim. Source depth = 6.5 km (same depth as CR). Uniform CR, height is 4 km, nested is 16 km extending from 4km-20km. Nested CR x,y dim are 3x uniform dim. Eta=10^16 until 70%, then increases by an order of magnitude at 70, 80, 90%."
Yellowstone_Run67,Runs/run67,1000000,250000,30,0.1,940,750,0.1,3,0,0,1,4.36519062980441,0 0 0,1.2522056553218184 0.571516698105195 0.04024482210703343,3.93786953662608,"Source dim 25% of uniform CR dim. Source depth = 6.5 km (same depth as CR). Uniform CR, height is 4 km, nested is 16 km extending from 4km-20km. Nested CR x,y dim are 3x uniform dim. Eta=10^17 until 70%, then increases by an order of magnitude at 70, 80, 90%. Upside down sawtooth"
Yellowstone_Run68,Runs/run68,1000000,250000,30,0.1,1150,750,0.1,10,0,0,1,4.36519062936787,0 0 0,1.2522056562318404 0.5715167001670566 0.040244821580202934,4.11745247483416,"Source dim 25% of uniform CR dim. Source depth = 6.5 km (same depth as CR). Uniform CR, height is 4 km, nested is 16 km extending from 4km-20km. Nested CR x,y dim are 3x uniform dim. Eta=10^17 until 70%, then increases by an order of magnitude at 70, 80, 90%. Upside down sawtooth"
Yellowstone_Run69,Runs/run69,1000000,250000,30,0.1,910,750,0.1,2,0,0,1,4.79623800724147,0,23.8734179895551,3.43291084836858,"Source dim 25% of uniform CR dim. Source depth = 6.5 km (same depth as CR). Uniform CR, height is 4 km, nested is 16 km extending from 4km-20km. Nested CR x,y dim are 3x uniform dim. Eta=10^17 until end of uniform CR, then 10^19. Upside down sawtooth"
Yellowstone_Run70,Runs/run70,1000000,250000,30,0.1,910,750,0.1,2,0,0,1,0 0,0.3459038085335781 0.27177611799157636,3.82547703699139,"Source dim 100% of normal uniform CR dim. Source depth = 6.5 km (same depth as CR). Elliptical cylinder CR, height is 16 km (3.5-19.5), CR x, y = 4x normal uniform CR x, y",
Yellowstone_Run71,Runs/run71,1000000,250000,15,0.1,880,750,0.1,2,0,0,1,"Source dim 100% of normal uniform CR dim. Source depth = 6.5 km (same depth as CR). Elliptical cylinder CR, height is 16 km (3.5-19.5), CR x, y = 4x normal uniform CR x, y",,,,
Yellowstone_Run72,Runs/run72,1000000,250000,20,0.1,890,750,0.1,2,0,0,1,3.93878919325613,2 2,3.8495269508708057 17.796946518517995,158.848530128957,"Source dim 100% of normal uniform CR dim. Source depth = 6.5 km (same depth as CR). Elliptical cylinder CR, height is 16 km (3.5-19.5), CR x, y = 4x normal uniform CR x, y"
Yellowstone_Run73,Runs/run73,1000000,250000,30,0.1,910,750,0.1,2,0,0,1,3.93878919325613,2 2,3.707738723579552 3.0559597703670303,121.501405963823,"Source dim 100% of normal uniform CR dim. Source depth = 6.5 km (same depth as CR). Elliptical cylinder CR, height is 16 km (3.5-19.5), CR x, y = 4x normal uniform CR x, y"
Yellowstone_Run74,Runs/run74,1000000,250000,50,0.1,950,750,0.1,2,0,0,1,3.93878919325613,3 3,4.34343343748242 2.446697897894855,82.897586183026,"Source dim 100% of normal uniform CR dim. Source depth = 6.5 km (same depth as CR). Elliptical cylinder CR, height is 16 km (3.5-19.5), CR x, y = 4x normal uniform CR x, y"
Yellowstone_Run75,Runs/run75,1000000,250000,30,0.1,910,750,0.1,2,0,0,1,6.69558527170551,2 1,3.211374044859446 0.9429860862138973,265.658283801311,"Source dim 100% of normal uniform CR dim. Source depth = 6.5 km (same depth as CR). Uniform CR, height is 6 km, nested is 16 km extending from 1.5km-17.5km. Nested CR x,y dim are 4x normal uniform dim. Eta=10^17 until 50% of CR, then 10^18 until 80%, 10^19 until 90% and then 10^20 until the end. Upside down sawtooth"
Yellowstone_Run76,Runs/run76,100000,25000,30,0.1,910,500,0.1,2,0,0,1,3.93878919318917,2 2,3.707741436161146 3.055959201678354,12.1501405864636,"Source dim 100% of normal uniform CR dim. Source depth = 6.5 km (same depth as CR). Elliptical cylinder CR, height is 16 km (3.5-19.5), CR x, y = 4x normal uniform CR x, y, identical to run73 but with P0 and delta P lower by an order of magnitude"
Yellowstone_Run76_run2,Runs/run76_run2,100000,25000,30,0.1,910,500,0.1,2,0,0,1,3.93878919318917,2 2,3.707741436161146 3.055959201678354,12.1501405864636,"Source dim 100% of normal uniform CR dim. Source depth = 6.5 km (same depth as CR). Elliptical cylinder CR, height is 16 km (3.5-19.5), CR x, y = 4x normal uniform CR x, y, identical to run76 but running on olivine to test"
Yellowstone_Run77,Runs/run77,100000,10000,30,0.1,630,500,0.1,1,0,0,1,3.93878919318917,0,2.70494758069831,"Source dim 100% of normal uniform CR dim. Source depth = 6.5 km (same depth as CR). Elliptical cylinder CR, height is 16 km (3.5-19.5), CR x, y = 4x normal uniform CR x, y. Slowly decreasing background pressure with two pressure perturbations",
Yellowstone_Run78,Runs/run78,100000,2500,30,0.1,630,500,0.1,1,0,0,1,3.93878919318917,1 0,2.0663799787400587 2.6037991690852236,"Source dim 100% of normal uniform CR dim. Source depth = 6.5 km (same depth as CR). Elliptical cylinder CR, height is 16 km (3.5-19.5), CR x, y = 4x normal uniform CR x, y. Slowly decreasing background pressure with two pressure perturbations",
Yellowstone_Run79,Runs/run79,100000,2500,30,0.1,630,500,0.1,1,0,0,1,3.93878919318917,0,0,"Source dim 100% of normal uniform CR dim. Source depth = 6.5 km (same depth as CR). Elliptical cylinder CR, height is 16 km (3.5-19.5), CR x, y = 4x normal uniform CR x, y. Steady background pressure with two pressure perturbations",
Yellowstone_Run80,Runs/run80,100000,5000,30,0.1,630,500,0.1,1,0,0,1,3.93878919318917,0,"Source dim 100% of normal uniform CR dim. Source depth = 6.5 km (same depth as CR). Elliptical cylinder CR, height is 16 km (3.5-19.5), CR x, y = 4x normal uniform CR x, y. Steady background pressure with two pressure perturbations",,
Yellowstone_Run81,Runs/run81,100000,10000,30,0.1,630,500,0.1,1,0,0,1,0,0,"Source dim 100% of normal uniform CR dim. Source depth = 6.5 km (same depth as CR). Elliptical cylinder CR, height is 16 km (3.5-19.5), CR x, y = 4x normal uniform CR x, y. Steady background pressure with two pressure perturbations",,
Yellowstone_Run82,Runs/run82,100000,20000,30,0.1,630,500,0.1,1,0,0,1,0,0,"Source dim 100% of normal uniform CR dim. Source depth = 6.5 km (same depth as CR). Elliptical cylinder CR, height is 16 km (3.5-19.5), CR x, y = 4x normal uniform CR x, y. Steady background pressure with two pressure perturbations",,
Yellowstone_Run83,Runs/run83,100000,50000,30,0.1,630,500,0.1,1,0,0,1,0,0,"Source dim 100% of normal uniform CR dim. Source depth = 6.5 km (same depth as CR). Elliptical cylinder CR, height is 16 km (3.5-19.5), CR x, y = 4x normal uniform CR x, y. Steady background pressure with two pressure perturbations",,
Yellowstone_Run84,Runs/run84,100000,2500,30,0.1,630,500,0.1,1,0,0,1,3.3510691546261,0,0,"Source dim 1.5*(13, 27.5)km. Source depth = 6.5 km (same depth as CR). Elliptical cylinder CR, height is 16 km (3.5-19.5), CR x, y = 4*(13, 27.5)km. Steady background pressure with two pressure perturbations",
Yellowstone_Run85,Runs/run85,100000,5000,30,0.1,630,500,0.1,1,0,0,1,3.3510691546261,0,0,"Source dim 1.5*(13, 27.5)km. Source depth = 6.5 km (same depth as CR). Elliptical cylinder CR, height is 16 km (3.5-19.5), CR x, y = 4*(13, 27.5)km. Steady background pressure with two pressure perturbations",
Yellowstone_Run86,Runs/run86,100000,10000,30,0.1,630,500,0.1,1,0,0,1,3.3510691546261,0,0,"Source dim 1.5*(13, 27.5)km. Source depth = 6.5 km (same depth as CR). Elliptical cylinder CR, height is 16 km (3.5-19.5), CR x, y = 4*(13, 27.5)km. Steady background pressure with two pressure perturbations",
Yellowstone_Run87,Runs/run87,100000,20000,30,0.1,630,500,0.1,1,0,0,1,3.3510691546261,0,0,"Source dim 1.5*(13, 27.5)km. Source depth = 6.5 km (same depth as CR). Elliptical cylinder CR, height is 16 km (3.5-19.5), CR x, y = 4*(13, 27.5)km. Steady background pressure with two pressure perturbations",
Yellowstone_Run88,Runs/run88,100000,50000,30,0.1,630,500,0.1,1,0,0,1,3.3510691546261,0,0,"Source dim 1.5*(13, 27.5)km. Source depth = 6.5 km (same depth as CR). Elliptical cylinder CR, height is 16 km (3.5-19.5), CR x, y = 4*(13, 27.5)km. Steady background pressure with two pressure perturbations",
Yellowstone_Run89,Runs/run89,100000,2500,30,0.1,630,500,0.1,1,0,0,1,4.2529331324136,0,0,"Source dim 0.75*(13, 27.5)km. Source depth = 6.5 km (same depth as CR). Elliptical cylinder CR, height is 16 km (3.5-19.5), CR x, y = 4*(13, 27.5)km. Steady background pressure with two pressure perturbations",
Yellowstone_Run90,Runs/run90,100000,5000,30,0.1,630,500,0.1,1,0,0,1,4.2529331324136,0,0,"Source dim 0.75*(13, 27.5)km. Source depth = 6.5 km (same depth as CR). Elliptical cylinder CR, height is 16 km (3.5-19.5), CR x, y = 4*(13, 27.5)km. Steady background pressure with two pressure perturbations",
Yellowstone_Run91,Runs/run91,100000,10000,30,0.1,630,500,0.1,1,0,0,1,4.2529331324136,0,0,"Source dim 0.75*(13, 27.5)km. Source depth = 6.5 km (same depth as CR). Elliptical cylinder CR, height is 16 km (3.5-19.5), CR x, y = 4*(13, 27.5)km. Steady background pressure with two pressure perturbations",
Yellowstone_Run92,Runs/run92,100000,20000,30,0.1,630,500,0.1,1,0,0,1,4.2529331324136,0,0,"Source dim 0.75*(13, 27.5)km. Source depth = 6.5 km (same depth as CR). Elliptical cylinder CR, height is 16 km (3.5-19.5), CR x, y = 4*(13, 27.5)km. Steady background pressure with two pressure perturbations",
Yellowstone_Run93,Runs/run93,100000,50000,30,0.1,630,500,0.1,1,0,0,1,4.2529331324136,0,0,"Source dim 0.75*(13, 27.5)km. Source depth = 6.5 km (same depth as CR). Elliptical cylinder CR, height is 16 km (3.5-19.5), CR x, y = 4*(13, 27.5)km. Steady background pressure with two pressure perturbations",
Yellowstone_Run94,Runs/run94,100000,2500,30,0.1,630,500,0.1,1,0,0,1,4.02794244006868,0,0,"Source dim 1.0*(13, 27.5)km. Source depth = 6.5 km. Elliptical cylinder CR, height is 16 km (2.5-18.5), CR x, y = 2*(13, 27.5)km. Steady background pressure with two pressure perturbations",
Yellowstone_Run95,Runs/run95,100000,2500,30,0.1,630,500,0.1,1,0,0,1,3.73994909697927,0,0,"Source dim 1.0*(13, 27.5)km. Source depth = 5.0 km. Elliptical cylinder CR, height is 16 km (2.5-18.5), CR x, y = 2*(13, 27.5)km. Steady background pressure with two pressure perturbations",
Yellowstone_Run96,Runs/run96,100000,2500,30,0.1,630,500,0.1,1,0,0,1,5.38565147650423,0 0,0.6061169815015927 0.0883852238351575,"Source dim 0.5*13km, 1.5*27.5km. Source depth = 5.0 km. Elliptical cylinder CR, height is 47 km (2.5-49.5), CR x, y = 2*(13, 27.5)km. Steady background pressure with two pressure perturbations. Upside down sawtooth",
Yellowstone_Run97,Runs/run97,100000,2500,30,0.1,630,500,0.1,1,0,0,1,5.34016493172633,0,0.833108022400559,"Source dim 0.25*13km, 1.0*27.5km. Source depth = 5.0 km. Elliptical cylinder CR, height is 47 km (2.5-49.5), CR x, y = 2*(13, 27.5)km. Steady background pressure with two pressure perturbations. Upside down sawtooth",
Yellowstone_Run98,Runs/run98,100000,5000,30,0.1,630,500,0.1,1,0,0,1,5.37016186302827,0,1.1957601536986,1.68758643190282,"Source dim 0.25*13km, 1.0*27.5km. Source depth = 5.0 km. Elliptical cylinder CR, height is 47 km (2.5-49.5), CR x, y = 3*(13, 27.5)km. Steady background pressure with two pressure perturbations. Upside down sawtooth"
Yellowstone_Run99,Runs/run99,100000,25000,20,0.1,620,500,0.1,1,0,0,1,5.37016186302827,0,2.67705163894254,1.42035266232872,"Source dim 0.25*13km, 1.0*27.5km. Source depth = 5.0 km. Elliptical cylinder CR, height is 47 km (2.5-49.5), CR x, y = 3*(13, 27.5)km. Steady background pressure with two pressure perturbations 25% fall, 75% rise. Upside down sawtooth"
Yellowstone_Run100,Runs/run100,100000,50000,30,0.1,630,500,0.1,1,0,0,1,5.37016186302827,0,0,9.94102316352137,"Source dim 0.25*13km, 1.0*27.5km. Source depth = 5.0 km. Elliptical cylinder CR, height is 47 km (2.5-49.5), CR x, y = 3*(13, 27.5)km. Steady background pressure with two pressure perturbations. Upside down sawtooth"
Yellowstone_Run101,Runs/run101,100000,50000,30,0.1,630,500,0.1,1,0,0,1,3.85425482353746,0 0,2.4047760771091093 0.8966994135748318,220.447809782922,"Source dim 1.0*13km, 1.0*27.5km. Source depth = 5.0 km. Elliptical cylinder CR, height is 47 km (2.5-49.5), CR x, y = 3*(13, 27.5)km. Steady background pressure with two pressure perturbations. Upside down sawtooth"
Yellowstone_Run102,Runs/run102,100000,50000,30,0.1,630,500,0.1,1,0,0,1,5.26284121351886,0,0,10.1396595460755,"Source dim 0.25*13km, 1.0*27.5km. Source depth = 5.0 km. Elliptical cylinder CR, height is 47 km (2.5-49.5), CR x, y = 4*(13, 27.5)km. Steady background pressure with two pressure perturbations. Upside down sawtooth"
Yellowstone_Run103,Runs/run103,100000,50000,30,0.1,630,500,0.1,2,0,0,1,4.82707450112361,0,0,43.5972985278731,"Source dim 0.5*13km, 1.0*27.5km. Source depth = 5.0 km. Elliptical cylinder CR, height is 47 km (2.5-49.5), CR x, y = 3*(13, 27.5)km. Steady background pressure with two pressure perturbations. Upside down sawtooth"
Yellowstone_Run104,Runs/run104,100000,10000,5,0.1,615,500,0.1,3,0,0,1,4.82707450112361,0,5.03441587154048,17.7716094351023,"Source dim 0.5*13km, 1.0*27.5km. Source depth = 5.0 km. Elliptical cylinder CR, height is 47 km (2.5-49.5), CR x, y = 3*(13, 27.5)km. Steady background pressure with three pressure perturbations. Upside down sawtooth, 3 cycles"
Yellowstone_Run105,Runs/run105,100000,10000,2.5,0.1,607.5,500,0.1,3,0,0,1,4.82707450112361,"Source dim 0.5*13km, 1.0*27.5km. Source depth = 5.0 km. Elliptical cylinder CR, height is 47 km (2.5-49.5), CR x, y = 3*(13, 27.5)km. Steady background pressure with three pressure perturbations. Upside down sawtooth, 3 cycles",,,
Yellowstone_Run106,Runs/run106,100000,10000,10,0.1,630,500,0.1,3,0,0,1,4.82707450112361,0,0.472310715642933,25.6619302605823,"Source dim 0.5*13km, 1.0*27.5km. Source depth = 5.0 km. Elliptical cylinder CR, height is 47 km (2.5-49.5), CR x, y = 3*(13, 27.5)km. Steady background pressure with three pressure perturbations. Upside down sawtooth, 3 cycles"
Yellowstone_Run107,Runs/run107,100000,10000,20,0.1,660,500,0.1,3,0,0,1,4.82707450112361,0 1 1,0.9784363307726155 32.58082627761898 3.967528718098641,36.689227171765,"Source dim 0.5*13km, 1.0*27.5km. Source depth = 5.0 km. Elliptical cylinder CR, height is 47 km (2.5-49.5), CR x, y = 3*(13, 27.5)km. Steady background pressure with three pressure perturbations. Upside down sawtooth, 3 cycles"
Yellowstone_Run108,Runs/run108,100000,10000,7,0.1,614,500,0.1,3,0,0,1,4.82707450112361,0,0.56752004512255,13.9389992769083,"Source dim 0.5*13km, 1.0*27.5km. Source depth = 5.0 km. Elliptical cylinder CR, height is 47 km (2.5-49.5), CR x, y = 3*(13, 27.5)km. “Realistic” timedb with T=[(2, 7), (2.5,2.5)] and dP/dt=[(10,-10), (10,-10)]"
Yellowstone_Run109,Runs/run109,100000,10000,7,0.1,614,500,0.1,2,0,0,1,4.82707450112361,0,0.116312577302493,16.9621725930252,"Source dim 0.5*13km, 1.0*27.5km. Source depth = 5.0 km. Elliptical cylinder CR, height is 47 km (2.5-49.5), CR x, y = 3*(13, 27.5)km. “Realistic” timedb with T=[(2, 7), (2.5,2.5)] and dP/dt=[(10,-5), (8,-8)]"
Yellowstone_Run110,Runs/run110,100000,1000,10,0.1,630,500,0.1,3,0,0,1,4.82707450112361,0,0.463681599620713,2.23336843348335,"Source dim 0.5*13km, 1.0*27.5km. Source depth = 5.0 km. Elliptical cylinder CR, height is 47 km (2.5-49.5), CR x, y = 3*(13, 27.5)km. Steady background pressure with three pressure perturbations. Upside down sawtooth, 3 cycles"
Yellowstone_Run111,Runs/run111,100000,5000,10,1,630,500,0.1,3,0,0,1,20.1250201924429,0,0,5.4684104882345,"Source dim 0.5*13km, 1.0*27.5km. Source depth = 5.0 km. Elliptical cylinder CR, height is 47 km (2.5-49.5), CR x, y = 3*(13, 27.5)km. Steady background pressure with three pressure perturbations. Upside down sawtooth, 3 cycles. Identical to above but with eta_CR~10^18 Pa*s and 5x higher dP/dt"
Yellowstone_Run112,Runs/run112,100000,5000,10,0.1,630,500,0.1,3,0,0,1,4.14320588975908,0,0.047856845626858,3.91497253645859,"Source dim 0.5*13km, 1.0*27.5km. Source depth = 5.0 km. Elliptical cylinder CR, height is 47 km (2.5-49.5), CR x, y = 3*(13, 27.5)km. Steady background pressure with three pressure perturbations. Upside down sawtooth, 3 cycles. Source shifted (0, 52) km"
Yellowstone_Run113,Runs/run113,100000,5000,10,0.05,630,500,0.1,3,0,0,1,3.69799321967101,0,0.111231835874578,18.0309193602372,"Source dim 0.5*13km, 1.0*27.5km. Source depth = 5.0 km. Elliptical cylinder CR, height is 47 km (2.5-49.5), CR x, y = 3*(13, 27.5)km. Steady background pressure with three pressure perturbations. Upside down sawtooth, 3 cycles. eta_CR~5E16 Pa*s"
Yellowstone_Run114,Runs/run114,100000,5000,10,0.1,630,500,0.1,3,0,0,1,4.59484220175932,0 0,1.9462739333915944 0.8351723336749532,6.77028529208616,"Source dim 0.5*13km, 1.0*27.5km. Source depth = 5.0 km. Elliptical cylinder CR, height is 47 km (2.5-49.5), CR x, y = 3*(13, 27.5)km. Steady background pressure with three pressure perturbations. Upside down sawtooth, 3 cycles. Source shifted (0, 30) km"
Yellowstone_Run115,Runs/run115,100000,5000,10,0.01,630,500,0.1,3,0,0,1,2.17836726235295,0 0,0.2966238285707711 0.17187069744842287,32.8759073158628,"Source dim 0.5*13km, 1.0*27.5km. Source depth = 5.0 km. Elliptical cylinder CR, height is 47 km (2.5-49.5), CR x, y = 3*(13, 27.5)km. Steady background pressure with three pressure perturbations. Upside down sawtooth, 3 cycles. eta_CR~1E16 Pa*s"
Yellowstone_Run116,Runs/run116,100000,5000,10,0.01,630,500,0.1,3,0,0,1,1.9323531195788,0,0,16.7785627426275,"Source dim 0.5*13km, 1.0*27.5km. Source depth = 5.0 km. Elliptical cylinder CR, height is 47 km (2.5-49.5), CR x, y = 3*(13, 27.5)km. Steady background pressure with three pressure perturbations. Upside down sawtooth, 3 cycles. Source shifted (0, 30) km, eta_CR~1E16 Pa*s"
Yellowstone_Run117,Runs/run117,100000,5000,10,0.05,630,500,0.1,3,0,0,1,1.9323531195788,0,0,16.7785627426275,"Source dim 0.5*13km, 1.0*27.5km. Source depth = 5.0 km. Elliptical cylinder CR, height is 47 km (2.5-49.5), CR x, y = 3*(13, 27.5)km. Steady background pressure with three pressure perturbations. Upside down sawtooth, 3 cycles. Source shifted (0, 30) km, nested CR with boundaries at y=0, y=-50km. eta_CR=(6.305E16, 1.261E18, 1.261E19)Pa*s"
Yellowstone_Run118,Runs/run118,100000,2000,10,0.1,630,500,0.1,3,0,0,1,4.59484220175932,0 0,1.7996300699697314 0.7797563034137269,2.64490002685045,"Source dim 0.5*13km, 1.0*27.5km. Source depth = 5.0 km. Elliptical cylinder CR, height is 47 km (2.5-49.5), CR x, y = 3*(13, 27.5)km. Steady background pressure with three pressure perturbations. Upside down sawtooth, 3 cycles. Source shifted (0, 30) km"
Yellowstone_Run119,Runs/run119,100000,10000,10,0.1,630,500,0.1,3,0,0,1,4.59484220175932,0 0,1.9986377321572457 0.8544222746049407,13.6459769460665,"Source dim 0.5*13km, 1.0*27.5km. Source depth = 5.0 km. Elliptical cylinder CR, height is 47 km (2.5-49.5), CR x, y = 3*(13, 27.5)km. Steady background pressure with three pressure perturbations. Upside down sawtooth, 3 cycles. Source shifted (0, 30) km"
Yellowstone_Run120,Runs/run120,100000,20000,10,0.1,630,500,0.1,3,0,0,1,4.59484220175932,0 0,2.0255253345624578 0.8642000709104994,27.3975447252371,"Source dim 0.5*13km, 1.0*27.5km. Source depth = 5.0 km. Elliptical cylinder CR, height is 47 km (2.5-49.5), CR x, y = 3*(13, 27.5)km. Steady background pressure with three pressure perturbations. Upside down sawtooth, 3 cycles. Source shifted (0, 30) km"
Yellowstone_Run121,Runs/run121,100000,2000,10,0.05,630,500,0.1,3,0,0,1,3.70441450859296,0 0,1.6161817574961124 0.9875257537897061,3.63783579288288,"Source dim 0.5*13km, 1.0*27.5km. Source depth = 5.0 km. Elliptical cylinder CR, height is 47 km (2.5-49.5), CR x, y = 3*(13, 27.5)km. Steady background pressure with three pressure perturbations. Upside down sawtooth, 3 cycles. Source shifted (0, 30) km"
Yellowstone_Run122,Runs/run122,100000,5000,10,0.05,630,500,0.1,3,0,0,1,3.70441450859296,0 0,1.6561554034399264 1.0095783700749659,9.23547045211004,"Source dim 0.5*13km, 1.0*27.5km. Source depth = 5.0 km. Elliptical cylinder CR, height is 47 km (2.5-49.5), CR x, y = 3*(13, 27.5)km. Steady background pressure with three pressure perturbations. Upside down sawtooth, 3 cycles. Source shifted (0, 30) km"
Yellowstone_Run123,Runs/run123,100000,10000,10,0.05,630,500,0.1,3,0,0,1,3.70441450859296,0 0,1.6697562600598703 1.0170402851490832,18.5648751743116,"Source dim 0.5*13km, 1.0*27.5km. Source depth = 5.0 km. Elliptical cylinder CR, height is 47 km (2.5-49.5), CR x, y = 3*(13, 27.5)km. Steady background pressure with three pressure perturbations. Upside down sawtooth, 3 cycles. Source shifted (0, 30) km"
Yellowstone_Run124,Runs/run124,100000,20000,10,0.05,630,500,0.1,3,0,0,1,3.70441450859296,0 0,1.6766097239252349 1.0207923943083528,37.2237451956252,"Source dim 0.5*13km, 1.0*27.5km. Source depth = 5.0 km. Elliptical cylinder CR, height is 47 km (2.5-49.5), CR x, y = 3*(13, 27.5)km. Steady background pressure with three pressure perturbations. Upside down sawtooth, 3 cycles. Source shifted (0, 30) km"
Yellowstone_Run125,Runs/run125,100000,2000,10,0.01,630,500,0.1,3,0,0,1,1.90743942864141,0,0,6.4605187155516,"Source dim 0.5*13km, 1.0*27.5km. Source depth = 5.0 km. Elliptical cylinder CR, height is 47 km (2.5-49.5), CR x, y = 3*(13, 27.5)km. Steady background pressure with three pressure perturbations. Upside down sawtooth, 3 cycles. Source shifted (0, 30) km, eta_CR~1E16 Pa*s"
Yellowstone_Run126,Runs/run126,100000,10000,10,0.01,630,500,0.1,3,0,0,1,1.90743942864141,0,0,32.5038901620194,"Source dim 0.5*13km, 1.0*27.5km. Source depth = 5.0 km. Elliptical cylinder CR, height is 47 km (2.5-49.5), CR x, y = 3*(13, 27.5)km. Steady background pressure with three pressure perturbations. Upside down sawtooth, 3 cycles. Source shifted (0, 30) km, eta_CR~1E16 Pa*s"
Yellowstone_Run127,Runs/run127,100000,20000,10,0.01,630,500,0.1,3,0,0,1,1.90743942864141,0,0,65.0581079888488,"Source dim 0.5*13km, 1.0*27.5km. Source depth = 5.0 km. Elliptical cylinder CR, height is 47 km (2.5-49.5), CR x, y = 3*(13, 27.5)km. Steady background pressure with three pressure perturbations. Upside down sawtooth, 3 cycles. Source shifted (0, 30) km, eta_CR~1E16 Pa*s"
Yellowstone_Run128,Runs/run128,100000,5000,10,0.05,630,500,0.1,3,0,0,1,16.2804245256755,0 0,0.11974580014890453 1.4169450391682323,3.50580962607619E-05,"Source dim 0.5*13km, 1.0*27.5km. Source depth = 5.0 km. Elliptical cylinder CR, height is 47 km (2.5-49.5), CR x, y = 3*(13, 27.5)km. Steady background pressure with three pressure perturbations. Upside down sawtooth, 3 cycles. Source shifted (0, 30) km, nested CR with curving to -22.5 km. eta_CR=(6.305E16, 1.261E18)Pa*s"
Yellowstone_Run129,Runs/run129,100000,5000,10,0.05,630,500,0.1,3,0,0,1,3.5000777400699,0 0,1.5006220323036976 0.998988344643832,9.7851796946885,"Source dim 0.5*13km, 1.0*27.5km. Source depth = 5.0 km. Elliptical cylinder CR, height is 47 km (2.5-49.5), CR x, y = 3*(13, 27.5)km. Steady background pressure with three pressure perturbations. Upside down sawtooth, 3 cycles. Source shifted (0, 30) km, nested CR with curving to -22.5 km. eta_CR=(6.305E16, 6.305E17)Pa*s"
Yellowstone_Run130,Runs/run130,100000,2000,10,0.1,630,500,0.1,3,0,0,1,4.46808221812272,0 0,1.8998068596031743 0.8339316669913057,2.8363438858218,"Source dim 0.5*13km, 1.0*27.5km. Source depth = 5.0 km. Elliptical cylinder CR, height is 47 km (2.5-49.5), CR x, y = 3*(13, 27.5)km. Steady background pressure with three pressure perturbations. Upside down sawtooth, 3 cycles. Source shifted (0, 30) km, nested CR with curving to -22.5 km. eta_CR=(1.261E17, 6.305E17)Pa*s"
Yellowstone_Run131,Runs/run131,100000,5000,10,0.1,630,500,0.1,3,0,0,1,4.46808221812272,0 0,1.9397678043469329 0.8491375934820126,7.22568903277782,"Source dim 0.5*13km, 1.0*27.5km. Source depth = 5.0 km. Elliptical cylinder CR, height is 47 km (2.5-49.5), CR x, y = 3*(13, 27.5)km. Steady background pressure with three pressure perturbations. Upside down sawtooth, 3 cycles. Source shifted (0, 30) km, nested CR with curving to -22.5 km. eta_CR=(1.261E17, 6.305E17)Pa*s"
Yellowstone_Run132,Runs/run132,100000,10000,10,0.1,630,500,0.1,3,0,0,1,4.46808221812272,0 0,1.9533657876772148 0.8542739586194272,14.5413050730816,"Source dim 0.5*13km, 1.0*27.5km. Source depth = 5.0 km. Elliptical cylinder CR, height is 47 km (2.5-49.5), CR x, y = 3*(13, 27.5)km. Steady background pressure with three pressure perturbations. Upside down sawtooth, 3 cycles. Source shifted (0, 30) km, nested CR with curving to -22.5 km. eta_CR=(1.261E17, 6.305E17)Pa*s"
Yellowstone_Run133,Runs/run133,100000,20000,10,0.1,630,500,0.1,3,0,0,1,4.46808221812272,0 0,1.9602181056239112 0.856855058074078,29.172713646996,"Source dim 0.5*13km, 1.0*27.5km. Source depth = 5.0 km. Elliptical cylinder CR, height is 47 km (2.5-49.5), CR x, y = 3*(13, 27.5)km. Steady background pressure with three pressure perturbations. Upside down sawtooth, 3 cycles. Source shifted (0, 30) km, nested CR with curving to -22.5 km. eta_CR=(1.261E17, 6.305E17)Pa*s"
Yellowstone_Run134,Runs/run134,100000,2000,10,0.05,630,500,0.1,3,0,0,1,3.5000777400699,0 0,1.485013586286097 0.9890657023566132,3.87620245056421,"Source dim 0.5*13km, 1.0*27.5km. Source depth = 5.0 km. Elliptical cylinder CR, height is 47 km (2.5-49.5), CR x, y = 3*(13, 27.5)km. Steady background pressure with three pressure perturbations. Upside down sawtooth, 3 cycles. Source shifted (0, 30) km, nested CR with curving to -22.5 km. eta_CR=(6.305E16, 6.305E17)Pa*s"
Yellowstone_Run135,Runs/run135,100000,10000,10,0.05,630,500,0.1,3,0,0,1,3.5000777400699,0 0,1.505873628868629 1.0023210169940362,19.6334945805829,"Source dim 0.5*13km, 1.0*27.5km. Source depth = 5.0 km. Elliptical cylinder CR, height is 47 km (2.5-49.5), CR x, y = 3*(13, 27.5)km. Steady background pressure with three pressure perturbations. Upside down sawtooth, 3 cycles. Source shifted (0, 30) km, nested CR with curving to -22.5 km. eta_CR=(6.305E16, 6.305E17)Pa*s"
Yellowstone_Run136,Runs/run136,100000,20000,10,0.05,630,500,0.1,3,0,0,1,3.5000777400699,0 0,1.5085086303860429 1.0039921227223418,39.3301940112847,"Source dim 0.5*13km, 1.0*27.5km. Source depth = 5.0 km. Elliptical cylinder CR, height is 47 km (2.5-49.5), CR x, y = 3*(13, 27.5)km. Steady background pressure with three pressure perturbations. Upside down sawtooth, 3 cycles. Source shifted (0, 30) km, nested CR with curving to -22.5 km. eta_CR=(6.305E16, 6.305E17)Pa*s"
Yellowstone_Run137,Runs/run137,100000,2000,10,0.001,630,500,0.1,3,0,0,1,0,0,6.66984467967869,"Source dim 0.5*13km, 1.0*27.5km. Source depth = 5.0 km. Elliptical cylinder CR, height is 47 km (2.5-49.5), CR x, y = 3*(13, 27.5)km. Steady background pressure with three pressure perturbations. Upside down sawtooth, 3 cycles. Source shifted (0, 30) km, nested CR with curving to -22.5 km. eta_CR=(1.261E16, 6.305E17)Pa*s",
Yellowstone_Run138,Runs/run138,100000,5000,10,0.001,630,500,0.1,3,0,0,1,"Source dim 0.5*13km, 1.0*27.5km. Source depth = 5.0 km. Elliptical cylinder CR, height is 47 km (2.5-49.5), CR x, y = 3*(13, 27.5)km. Steady background pressure with three pressure perturbations. Upside down sawtooth, 3 cycles. Source shifted (0, 30) km, nested CR with curving to -22.5 km. eta_CR=(1.261E16, 6.305E17)Pa*s",,,,
Yellowstone_Run139,Runs/run139,100000,10000,10,0.001,630,500,0.1,3,0,0,1,"Source dim 0.5*13km, 1.0*27.5km. Source depth = 5.0 km. Elliptical cylinder CR, height is 47 km (2.5-49.5), CR x, y = 3*(13, 27.5)km. Steady background pressure with three pressure perturbations. Upside down sawtooth, 3 cycles. Source shifted (0, 30) km, nested CR with curving to -22.5 km. eta_CR=(1.261E16, 6.305E17)Pa*s",,,,
Yellowstone_Run140,Runs/run140,100000,20000,10,0.001,630,500,0.1,3,0,0,1,"Source dim 0.5*13km, 1.0*27.5km. Source depth = 5.0 km. Elliptical cylinder CR, height is 47 km (2.5-49.5), CR x, y = 3*(13, 27.5)km. Steady background pressure with three pressure perturbations. Upside down sawtooth, 3 cycles. Source shifted (0, 30) km, nested CR with curving to -22.5 km. eta_CR=(1.261E16, 6.305E17)Pa*s",,,,
Yellowstone_Run141,Runs/run141,100000,5000,10,0.05,611,500,0.1,3,0,0,1,0,0,"Source dim 0.5*13km, 1.0*27.5km. Source depth = 5.0 km. Elliptical cylinder CR, height is 47 km (2.5-49.5), CR x, y = 3*(13, 27.5)km. Source shifted (0, 30) km, nested CR with curving to 22.5 km. eta_CR=(6.305E16, 6.305E17)Pa*s. Nonuniform T and dP/dt. T=[(5,0), (2,4)]yrs, dP/dt=[(1,0), (5,-5)]",,
Yellowstone_Run142,Runs/run142,100000,10000,10,0.05,624,500,0.1,3,0,0,1,3.5000777400699,0,1.92453975340359,13.1407597160066,"Source dim 0.5*13km, 1.0*27.5km. Source depth = 5.0 km. Elliptical cylinder CR, height is 47 km (2.5-49.5), CR x, y = 3*(13, 27.5)km. Source shifted (0, 30) km, nested CR with curving to 22.5 km. eta_CR=(6.305E16, 6.305E17)Pa*s. T and dP/dt are derived from GPS"
Yellowstone_Run143,Runs/run143,100000,10000,10,0.05,630,500,0.1,3,0,0,1,3.5000777400699,0,0.332303221531897,22.8804339885205,"Source dim 0.5*13km, 1.0*27.5km. Source depth = 5.0 km. Elliptical cylinder CR, height is 47 km (2.5-49.5), CR x, y = 3*(13, 27.5)km. Steady background pressure with three pressure perturbations. Normal sawtooth, 3 cycles. Source shifted (0, 30) km, nested CR with curving to -22.5 km. eta_CR=(6.305E16, 6.305E17)Pa*s"
Yellowstone_Run144,Runs/run144,100000,40000,10,0.1,638,500,0.1,3,0,0,1,4.46808221776965,0,0,46.4759972882709,"Source dim 0.5*13km, 1.0*27.5km. Source depth = 5.0 km. Elliptical cylinder CR, height is 47 km (2.5-49.5), CR x, y = 3*(13, 27.5)km. Source shifted (0, 30) km, nested CR with curving to 22.5 km. eta_CR=(1.2616E17, 6.305E17)Pa*s. T and dP/dt are derived from GPS"
Yellowstone_Run145,Runs/run145,100000,40000,10,0.1,638,500,0.1,3,0,0,1,4.79612865871655,0,0,11.5207132880768,"Source dim 0.25*13km, 1.0*27.5km. Source depth = 5.0 km. Elliptical cylinder CR, height is 47 km (2.5-49.5), CR x, y = 3*(13, 27.5)km. Source shifted (0, 30) km, nested CR with curving to 22.5 km. eta_CR=(1.2616E17, 6.305E17)Pa*s. T and dP/dt are derived from GPS"
Yellowstone_Run146,Runs/run146,100000,40000,10,0.1,638,500,0.1,3,0,0,1,4.79612865871655,0,78.6985235981971,11.3782788085998,"Source dim 0.25*13km, 1.0*27.5km. Source depth = 5.0 km. Elliptical cylinder CR, height is 47 km (2.5-49.5), CR x, y = 3*(13, 27.5)km. Source shifted (0, 30) km, nested CR with curving to 22.5 km. eta_CR=(1.2616E17, 6.305E17)Pa*s. T and dP/dt are derived from GPS, long depress after spinup"
Yellowstone_Run147,Runs/run147,100000,60000,10,0.1,638,500,0.1,3,0,0,1,0,0,18.76808856389,"Source dim 0.25*13km, 1.0*27.5km. Source depth = 5.0 km. Elliptical cylinder CR, height is 47 km (2.5-49.5), CR x, y = 3*(13, 27.5)km. Source shifted (0, 30) km, nested CR with curving to 22.5 km. eta_CR=(1.2616E17, 6.305E17)Pa*s. T and dP/dt are derived from GPS, long depress/repress after spinup",
Yellowstone_Run148,Runs/run148,100000,10000,10,1,630,500,0.1,3,0,0,1,16.6887724780201,0,0,6.67018522582032,"Source dim 0.5*13km, 1.0*27.5km. Source depth = 5.0 km. Elliptical cylinder CR, height is 47 km (2.5-49.5), CR x, y = 3*(13, 27.5)km. Steady background pressure with three pressure perturbations. Upside down sawtooth, 3 cycles. Source shifted (0, 30) km"
Yellowstone_Run149,Runs/run149,100000,35000,10,0.1,638,500,0.1,3,0,0,1,4.34861983072643,0,0,55.0567745488356,"Source dim 0.5*13km, 1.0*27.5km. Source depth = 5.0 km. Elliptical cylinder CR, height is 47 km (2.5-49.5), CR x, y = (4*13, 3*27.5)km. Source shifted (0, 30) km. eta_CR=1.2616E17 Pa*s. T and dP/dt are derived from GPS, long depress/repress after spinup"
Yellowstone_Run150,Runs/run150,100000,10000,10,0.1,700,500,0.1,10,0,0,1,23.7714145244656,0 0,0.07543120670422972 0.06971576550967505,42.4519373325824,"Source dim 0.5*13km, 1.0*27.5km. Source depth = 5.0 km. No CR! Uniform viscoelastic half space, eta=1.261E17 Pa s"
Yellowstone_Run151,Runs/run151,100000,10000,10,0.05,700,500,0.1,10,0,0,1,"Source dim 0.5*13km, 1.0*27.5km. Source depth = 5.0 km. No CR! Uniform viscoelastic half space, eta=6.305E16 Pa s",0,0,89.555919862914,
Yellowstone_Run153,Runs/run153,100000,35000,10,0.1,638,500,0.1,3,0,0,1,4.21736220630884,0,0.477814225110115,46.3161452624709,"Source dim 0.5*13km, 1.0*27.5km. Source depth = 4.0 km. Elliptical cylinder CR, height is 47 km (2.25-49.25), CR x, y = (4*13, 3*27.5)km. Source shifted (0, 30) km. eta_CR=1.2616E17 Pa*s. T and dP/dt are derived from GPS, long depress/repress after spinup"
Yellowstone_Run154,Runs/run154,100000,35000,10,0.1,638,500,0.1,3,0,0,1,4.47308207714043,0,0,40.4419032510691,"Source dim 0.5*13km, 1.0*27.5km. Source depth = 6.0 km. Elliptical cylinder CR, height is 47 km (2.25-49.25), CR x, y = (4*13, 3*27.5)km. Source shifted (0, 30) km. eta_CR=1.2616E17 Pa*s. T and dP/dt are derived from GPS, long depress/repress after spinup"
Yellowstone_Run155,Runs/run155,100000,35000,10,0.01,638,500,0.1,3,0,0,1,"Source dim 0.5*13km, 1.0*27.5km. Source depth = 8.0 km. Nested. Elliptical cylinder CR, height is 18 km (2.5-20.5), CR x, y = (4*13, 3*27.5)km. Inner CR x,y = (1.5*13, 1.1*27.5) Inner eta_CR=1.2616E16 Pa*s, outer eta_CR=1.2616E17 Pa*s. T and dP/dt are derived from GPS, long depress/repress after spinup",,,,
Yellowstone_Run156,Runs/run156,100000,35000,10,0.01,638,500,0.1,3,0,0,1,"Source dim 0.5*13km, 1.0*27.5km. Source depth = 8.0 km. Nested. Elliptical cylinder CR, height is 18 km (2.5-20.5), CR x, y = (4*13, 3*27.5)km. Inner CR x,y = (1.1*27, 1.1*27.5) Inner eta_CR=1.2616E16 Pa*s, outer eta_CR=1.2616E17 Pa*s. T and dP/dt are derived from GPS, long depress/repress after spinup",,,,
Yellowstone_Run157,Runs/run157,100000,10000,10,0.1,700,500,0.1,10,0,0,1,"Source dim 0.5*13km, 1.0*27.5km. Source depth = 8.0 km. No CR! Uniform viscoelastic half space, eta=1.261E17 Pa s, 5 km thick elastic top layer",,,,
Yellowstone_Run158,Runs/run158,100000,10000,10,0.05,700,500,0.1,10,0,0,1,"Source dim 0.5*13km, 1.0*27.5km. Source depth = 8.0 km. No CR! Uniform viscoelastic half space, eta=6.306E16 Pa s, 5 km thick elastic top layer",,,,
Yellowstone_Run159,Runs/run159,100000,35000,10,0.1,638,500,0.1,3,0,0,1,7.40307139351997,0,0,64.7906379369204,"Source dim 0.5*13km, 1.0*27.5km. Source depth = 8.0 km. CR dim (32, 55)km, from tomography. CR extent 2-28 km. CR shift (-5, -0.75)km. "
Yellowstone_Run160,Runs/run160,100000,35000,10,0.1,638,500,0.1,3,0,0,1,6.1187974558461,0,2.07483214517119,75.0887679931315,"Source dim 0.5*13km, 1.0*27.5km. Source depth = 6.0 km. CR dim (32, 55)km, from tomography. CR extent 2-28 km. CR shift (-5, -0.75)km. "
Yellowstone_Run161,Runs/run161,100000,35000,10,0.1,638,500,0.1,3,0,0,1,5.31554683099177,0,0.041040864877152,94.1442168671518,"Source dim 0.5*13km, 1.0*27.5km. Source depth = 4.0 km. CR dim (32, 55)km, from tomography. CR extent 2-28 km. CR shift (-5, -0.75)km. "
Yellowstone_Run162,Runs/run162,100000,26000,10,0.05,638,500,0.1,3,0,0,1,0,0,78.0243569990776,"Source dim 0.5*13km, 1.0*27.5km. Source depth = 8.0 km. CR dim (32, 55)km, from tomography. CR extent 2-28 km. CR shift (-5, -0.75)km. ",
Yellowstone_Run163,Runs/run163,100000,26000,10,0.05,638,500,0.1,3,0,0,1,4.52844856073366,0,0,85.3645796291776,"Source dim 0.5*13km, 1.0*27.5km. Source depth = 6.0 km. CR dim (32, 55)km, from tomography. CR extent 2-28 km. CR shift (-5, -0.75)km. "
Yellowstone_Run164,Runs/run164,100000,26000,10,0.05,638,500,0.1,3,0,0,1,0,0.333312687718931,95.2786191938789,"Source dim 0.5*13km, 1.0*27.5km. Source depth = 4.0 km. CR dim (32, 55)km, from tomography. CR extent 2-28 km. CR shift (-5, -0.75)km. ",
Yellowstone_Run165,Runs/run165,100000,15000,10,0.01,638,500,0.1,3,0,0,1,3.12583478539125,0,1.31125906584743,111.750888994214,"Source dim 0.5*13km, 1.0*27.5km. Source depth = 8.0 km. CR dim (32, 55)km, from tomography. CR extent 2-28 km. CR shift (-5, -0.75)km. "
Yellowstone_Run166,Runs/run166,100000,15000,10,0.01,638,500,0.1,3,0,0,1,3.23181619334249,0,0.373821204785287,112.395031770463,"Source dim 0.5*13km, 1.0*27.5km. Source depth = 6.0 km. CR dim (32, 55)km, from tomography. CR extent 2-28 km. CR shift (-5, -0.75)km. "
Yellowstone_Run167,Runs/run167,100000,15000,10,0.01,638,500,0.1,3,0,0,1,3.13722463182267,0,0,109.049380835072,"Source dim 0.5*13km, 1.0*27.5km. Source depth = 4.0 km. CR dim (32, 55)km, from tomography. CR extent 2-28 km. CR shift (-5, -0.75)km. "
Yellowstone_Run168,Runs/run168,100000,35000,10,0.1,638,500,0.1,3,0,0,1,0,0,63.3599136682488,"Source dim 0.5*13km, 1.0*27.5km. Source depth = 8.0 km. CR dim (32, 55)km, from tomography. CR extent 2-42 km. CR shift (-5, -0.75)km. ",
Yellowstone_Run169,Runs/run169,100000,35000,10,0.1,638,500,0.1,3,0,0,1,8.66033531274478,0,4.61953815342187,58.621528872913,"Source dim 0.5*13km, 1.0*27.5km. Source depth = 8.0 km. Nested CR. Inner CR dim (22, 40)km, extends from 3-22 km. No shift. Outer CR dim (32, 55)km, from tomography. Outer CR extent 2-28 km. CR shift (-5, -0.75)km. Outer CR eta = 6.305E17 Pa*s"
Yellowstone_Run170,Runs/run170,100000,35000,10,0.1,638,500,0.1,3,0,0,1,7.33563864929955,0,0.088042652714457,66.8573120951848,"Source dim 0.5*13km, 1.0*27.5km. Source depth = 6.0 km. Nested CR. Inner CR dim (22, 40)km, extends from 3-22 km. No shift. Outer CR dim (32, 55)km, from tomography. Outer CR extent 2-28 km. CR shift (-5, -0.75)km. Outer CR eta = 6.305E17 Pa*s"
Yellowstone_Run171,Runs/run171,100000,35000,10,0.1,638,500,0.1,3,0,0,1,6.86968912846979,0,0,74.0690040858245,"Source dim 0.5*13km, 1.0*27.5km. Source depth = 5.0 km. Nested CR. Inner CR dim (22, 40)km, extends from 3-22 km. No shift. Outer CR dim (32, 55)km, from tomography. Outer CR extent 2-28 km. CR shift (-5, -0.75)km. Outer CR eta = 6.305E17 Pa*s"
Yellowstone_Run172,Runs/run172,100000,26000,10,0.05,638,500,0.1,3,0,0,1,6.4281950900081,0,0,67.8682346211305,"Source dim 0.5*13km, 1.0*27.5km. Source depth = 8.0 km. Nested CR. Inner CR dim (22, 40)km, extends from 3-22 km. No shift. Outer CR dim (32, 55)km, from tomography. Outer CR extent 2-28 km. CR shift (-5, -0.75)km. Outer CR eta = 6.305E17 Pa*s"
Yellowstone_Run173,Runs/run173,100000,26000,10,0.05,638,500,0.1,3,0,0,1,5.91269887655274,0 0,3.38083960405151,71.1745295572022,"Source dim 0.5*13km, 1.0*27.5km. Source depth = 6.0 km. Nested CR. Inner CR dim (22, 40)km, extends from 3-22 km. No shift. Outer CR dim (32, 55)km, from tomography. Outer CR extent 2-28 km. CR shift (-5, -0.75)km. Outer CR eta = 6.305E17 Pa*s"
Yellowstone_Run174,Runs/run174,100000,26000,10,0.05,638,500,0.1,3,0,0,1,5.80722425157911,0 0,0.551336429849399,74.7197803042174,"Source dim 0.5*13km, 1.0*27.5km. Source depth = 5.0 km. Nested CR. Inner CR dim (22, 40)km, extends from 3-22 km. No shift. Outer CR dim (32, 55)km, from tomography. Outer CR extent 2-28 km. CR shift (-5, -0.75)km. Outer CR eta = 6.305E17 Pa*s"
Yellowstone_Run175,Runs/run175,100000,15000,10,0.01,638,500,0.1,3,0,0,1,6.21342161558235,0,0,40.4470784343707,"Source dim 0.5*13km, 1.0*27.5km. Source depth = 4.0 km. CR dim (32, 55)km, from tomography. CR extent 2-28 km. CR shift (-5, -0.75)km.  Burgers rheology with two viscosities. eta_CR,1=1.2616E17 Pa*s, eta_CR,2=1.2616E16 Pa*s"
Yellowstone_Run176,Runs/run176,100000,15000,10,0.01,638,500,0.1,3,0,0,1,"Source dim 0.5*13km, 1.0*27.5km. Source depth = 8.0 km. Nested CR. Inner CR dim (22, 40)km, extends from 3-22 km. No shift. Outer CR dim (32, 55)km, from tomography. Outer CR extent 2-28 km. CR shift (-5, -0.75)km. Outer CR eta = 6.305E17 Pa*s",,,,
Yellowstone_Run177,Runs/run177,100000,15000,10,0.01,638,500,0.1,3,0,0,1,"Source dim 0.5*13km, 1.0*27.5km. Source depth = 6.0 km. Nested CR. Inner CR dim (22, 40)km, extends from 3-22 km. No shift. Outer CR dim (32, 55)km, from tomography. Outer CR extent 2-28 km. CR shift (-5, -0.75)km. Outer CR eta = 6.305E17 Pa*s",,,,
Yellowstone_Run178,Runs/run178,100000,15000,10,0.01,638,500,0.1,3,0,0,1,"Source dim 0.5*13km, 1.0*27.5km. Source depth = 5.0 km. Nested CR. Inner CR dim (22, 40)km, extends from 3-22 km. No shift. Outer CR dim (32, 55)km, from tomography. Outer CR extent 2-28 km. CR shift (-5, -0.75)km. Outer CR eta = 6.305E17 Pa*s",,,,
Yellowstone_Run179,Runs/run179,100000,15000,10,0.01,638,500,0.1,3,0,0,1,0,0,34.1519883962832,"Source dim 0.5*13km, 1.0*27.5km. Source depth = 4.0 km. CR dim (32, 55)km, from tomography. CR extent 2-28 km. CR shift (-5, -0.75)km. No asthenosphere, domain depth = 100 km.  New Vs=2500 m/s. Relax times are the same as run175. Burgers rheology with two viscosities. eta_CR,1=1.97125E17 Pa*s, eta_CR,2=1.97125E16 Pa*s",
Yellowstone_Run179_run2,Runs/run179_run2,100000,15000,10,0.01,638,500,0.1,3,0,0,1,5.65036275729382,0,0,11.5972231914572,"X, y dim = 200 km instead of 300 km, courser mesh. Identical to run 179 otherwise."
Yellowstone_Run180,Runs/run180,100000,15000,10,0.01,638,500,0.1,3,0,0,1,"Source dim 0.5*13km, 1.0*27.5km. Source depth = 5.0 km. Nested CR. Inner CR dim (22, 40)km, extends from 3-22 km. No shift. Outer CR dim (32, 55)km, from tomography. Outer CR extent 2-28 km. CR shift (-5, -0.75)km. No asthenosphere, domain depth = 100 km.  New Vs=2500 m/s. IBurgers rheology with two viscosities. Inner eta_CR,1=1.97125E17 Pa*s, CR,2=9.85625E16 Pa*s Outer eta_CR,1=1.97125E17 Pa*s, eta_CR,2=1.97125E16 Pa*s",0,0,25.2770052217292,
Yellowstone_Run180_run2,Runs/run180_run2,100000,15000,10,0.01,638,500,0.1,3,0,0,1,0,0,7.35326675470022,"X, y dim = 200 km instead of 300 km, courser mesh. Identical to run 180 otherwise.",
Yellowstone_Run181,Runs/run181,100000,15000,10,0.01,638,500,0.1,3,0,0,1,5.65036275729382,0,0,11.5972231914572,"Etas 1,2 = 1.2616E16,17 again, identical to run179_run2 otherwise"
Yellowstone_Run182,Runs/run182,100000,15000,10,0.01,638,500,0.1,3,0,0,1,"Inner CR etas 1,2 = 1.2616E17, 6.308E16 Pa*s, outer CR etas 1,2 = 1.2616E17, 1.2616E16 Pa*s. Identical to run180_run2 otherwise",,,,
Yellowstone_Run181_run2,Runs/run181_run2,100000,15000,10,0.01,638,500,0.1,3,0,0,1,5.65036275729382,0,0,11.5972231914572,Refined CR (10 km). Identical to run181 otherwise
Yellowstone_Run181_run3,Runs/run181_run3,100000,15000,10,0.01,638,500,0.1,3,0,0,1,5.65036275729382,0,0,11.5972231914572,Refined CR (5 km). Identical to run181 otherwise
Yellowstone_Run183,Runs/run183,100000,15000,10,0.005,638,500,0.1,3,0,0,1,5.22391256839047,0,0,23.6831148886218,"Source dim 0.5*13km, 1.0*27.5km. Source depth = 4.0 km. CR dim (32, 55)km, from tomography. CR extent 2-28 km. CR shift (-5, -0.75)km.  Burgers rheology with two viscosities. eta_CR,1=1.2616E17 Pa*s, eta_CR,2=6.308E15 Pa*s. No asthenosphere, domain depth = 100 km. Courser mesh, CR refined (10 km)"
Yellowstone_Run183_run2,Runs/run183_run2,100000,15000,10,0.005,638,500,0.1,3,0,0,1,5.92605396339316,0,0,30.7855692817294,"Source dim 0.5*13km, 1.0*27.5km. Source depth = 4.0 km. CR dim (32, 55)km, from tomography. CR extent 2-28 km. CR shift (-5, -0.75)km.  Burgers rheology with two viscosities. eta_CR,1=1.2616E17 Pa*s, eta_CR,2=6.308E15 Pa*s. No asthenosphere, domain depth = 100 km. Courser mesh, CR refined (5 km)"
Yellowstone_Run184,Runs/run184,100000,15000,10,0.005,638,500,0.1,3,0,0,1,6.25384587588635,0,0,22.3978481592763,"Source dim 0.5*13km, 1.0*27.5km. Source depth = 4.0 km. CR dim (32, 55)km, from tomography. Nested CR. Inner CR dim (22, 40)km, extends from 3-22 km. No shift. Outer CR dim (32, 55)km, from tomography. Outer CR extent 2-28 km. CR shift (-5, -0.75)km.  Burgers rheology with two viscosities. Inner eta_CR,1=1.2616E17 Pa*s, eta_CR,2=1.2616E16 Pa*s. Outer CR eta_1 = 1.2616E17, eta_2 = 6.308E15 Pa*2. No asthenosphere, domain depth = 100 km. Domain(200x200x100) km. Courser mesh, CR refined (5 km)"
Yellowstone_Run185,Runs/run185,100000,23000,10,0.01,638,500,0.1,3,0,0,1,5.95992855450734,0,0,46.2918373824888,"Source dim 0.5*13km, 1.0*27.5km. Source depth = 4.0 km. CR dim (32, 55)km, from tomography. CR extent 2-28 km. CR shift (-5, -0.75)km.  Burgers rheology with two viscosities. eta_CR,1=1.2616E17 Pa*s, eta_CR,2=1.2616E16 Pa*s. No asthenosphere, domain depth = 100 km. Courser mesh, CR refined (5 km)"
Yellowstone_Run186,Runs/run186,100000,23000,10,0.5,638,500,0.1,3,0,0,1,3.11073468912891,0,0,26.3529758634506,"Source dim 0.5*13km, 1.0*27.5km. Source depth = 4.0 km. CR dim (32, 55)km, from tomography. CR extent 2-28 km. CR shift (-5, -0.75)km.  Burgers rheology with two viscosities. eta_CR,1=4.928E18 Pa*s, eta_CR,2=2.464E17 Pa*s. No asthenosphere, domain depth = 100 km. Courser mesh, CR refined (5 km)"
Yellowstone_Run187,Runs/run187,100000,23000,10,1,638,500,0.1,3,0,0,1,"Source dim 0.5*13km, 1.0*27.5km. Source depth = 4.0 km. CR dim (32, 55)km, from tomography. CR extent 2-28 km. CR shift (-5, -0.75)km.  Burgers rheology with two viscosities. eta_CR,1=4.928E18 Pa*s, eta_CR,2=4.928E17 Pa*s. No asthenosphere, domain depth = 100 km. Courser mesh, CR refined (5 km)",,,,
Yellowstone_Run188,Runs/run188,100000,23000,10,5,638,500,0.1,3,0,0,1,"Source dim 0.5*13km, 1.0*27.5km. Source depth = 4.0 km. CR dim (32, 55)km, from tomography. CR extent 2-28 km. CR shift (-5, -0.75)km.  Burgers rheology with two viscosities. eta_CR,1=4.928E18 Pa*s, eta_CR,2=2.464E18 Pa*s. No asthenosphere, domain depth = 100 km. Courser mesh, CR refined (5 km)",,,,
Yellowstone_Run189,Runs/run189,100000,23000,10,0.005,638,500,0.1,3,0,0,1,4.6833247834954,0,0.333393175737525,62.4121394759653,"Source dim 0.5*13km, 1.0*27.5km. Source depth = 4.0 km. CR dim (32, 55)km, from tomography. CR extent 2-28 km. CR shift (-5, -0.75)km.  Burgers rheology with two viscosities. eta_CR,1=6.308E16Pa*s, eta_CR,2=6.308E15 Pa*s. No asthenosphere, domain depth = 100 km. Courser mesh, CR refined (5 km)"
Yellowstone_Run190,Runs/run190,100000,23000,10,0.005,638,500,0.1,3,0,0,1,"Source dim 0.5*13km, 1.0*27.5km. Source depth = 4.0 km. CR dim (32, 55)km, from tomography. CR extent 2-28 km. CR shift (-5, -0.75)km.  Burgers rheology with two viscosities. eta_CR,1=1.2616E16Pa*s, eta_CR,2=6.308E15 Pa*s. No asthenosphere, domain depth = 100 km. Courser mesh, CR refined (5 km)",0,0.831800467193653,114.071248247257,
Yellowstone_Run191,Runs/run191,100000,23000,10,0.005,638,500,0.1,3,0,0,1,5.99889124008641,0,0,35.5536820126918,"Source dim 0.5*13km, 1.0*27.5km. Source depth = 5.0 km. CR dim (32, 55)km, from tomography. Nested CR. Inner CR dim (22, 40)km, extends from 3-22 km. No shift. Outer CR dim (32, 55)km, from tomography. Outer CR extent 2-28 km. CR shift (-5, -0.75)km.  Burgers rheology with two viscosities. Inner eta_CR,1=1.2616E17 Pa*s, eta_CR,2=1.2616E16 Pa*s. Outer CR eta_1 = 6.308E16 eta_2 = 6.308E15 Pa*2. No asthenosphere, domain depth = 100 km. Domain(200x200x100) km. Courser mesh, CR refined (5 km)"
Yellowstone_Run192,Runs/run192,100000,13000,10,0.05,638,500,0.1,3,0,0,1,4.48414718324467,0,0.549603018035148,36.4838460316284,"Source dim 0.5*13km, 1.0*27.5km. Source depth = 4.0 km. CR dim (32, 55)km, from tomography. CR extent 2-28 km. CR shift (-5, -0.75)km.  MAxwell rheology. eta_CR=6.308E16 Pa*s. No asthenosphere, domain depth = 100 km. Courser mesh, CR refined (5 km)"
Yellowstone_Run193,Runs/run193,100000,15000,10,0.01,638,500,0.1,3,0,0,1,4.50455468569525,0,0.375242128879862,33.412797787667,"Source dim 0.5*13km, 1.0*27.5km. Source depth = 4.0 km. CR dim (32, 55)km, from tomography. Nested CR. Inner CR dim (22, 40)km, extends from 3-22 km. No shift. Outer CR dim (32, 55)km, from tomography. Outer CR extent 2-28 km. CR shift (-5, -0.75)km.  Maxwell rheology. Inner eta_CR = 6.308E16 Pa*s. Outer CR eta_CR = 1.2616E16 Pa*s. No asthenosphere, domain depth = 100 km. Domain(200x200x100) km. Courser mesh, CR refined (5 km)"
Yellowstone_Run194,Runs/run194,100000,15000,10,0.005,638,500,0.1,3,0,0,1,4.54658405645706,0,0.613965296497722,33.9962403919396,"Source dim 0.5*13km, 1.0*27.5km. Source depth = 4.0 km. CR dim (32, 55)km, from tomography. Nested CR. Inner CR dim (22, 40)km, extends from 3-22 km. No shift. Outer CR dim (32, 55)km, from tomography. Outer CR extent 2-28 km. CR shift (-5, -0.75)km.  Maxwell rheology. Inner eta_CR = 6.308E16 Pa*s. Outer CR eta_CR = 6.308E15 Pa*s. No asthenosphere, domain depth = 100 km. Domain(200x200x100) km. Courser mesh, CR refined (5 km)"
Yellowstone_Run195,Runs/run195,100000,23000,10,0.001,638,500,0.1,3,0,0,1,"Source dim 0.5*13km, 1.0*27.5km. Source depth = 4.0 km. CR dim (32, 55)km, from tomography. Nested CR. Inner CR dim (22, 40)km, extends from 3-22 km. No shift. Outer CR dim (32, 55)km, from tomography. Outer CR extent 2-28 km. CR shift (-5, -0.75)km.  Burgers rheology with two viscosities. Inner eta_CR,1=1.2616E17 Pa*s, eta_CR,2=1.2616E16 Pa*s. Outer CR eta_1 = 1.2616E16 eta_2 = 1.2616E15 Pa*2. No asthenosphere, domain depth = 100 km. Domain(200x200x100) km. Courser mesh, CR refined (5 km)",,,,
Yellowstone_Run191_run2,Runs/run191_run2,100000,23000,10,0.005,638,500,0.1,3,0,0,1,"Source dim 0.5*13km, 1.0*27.5km. Source depth = 5.0 km. CR dim (32, 55)km, from tomography. Nested CR. Inner CR dim (22, 40)km, extends from 3-22 km. No shift. Outer CR dim (32, 55)km, from tomography. Outer CR extent 2-28 km. CR shift (-5, -0.75)km.  Burgers rheology with two viscosities. Inner eta_CR,1=1.2616E17 Pa*s, eta_CR,2=1.2616E16 Pa*s. Outer CR eta_1 = 6.308E16 eta_2 = 6.308E15 Pa*2. Identical to run191 but with finer mesh and asthenosphere",,,,
Yellowstone_Run181_run4,Runs/run181_run4,100000,15000,10,0.01,638,500,0.1,3,0,0,1,5.85654963502128,0,0,39.7741638589354,"Finer mesh, identical to run181_run3 otherwise"
Yellowstone_Run196,Runs/run196,100000,23000,10,0.005,638,500,0.1,3,0,0,1,5.88203735288696,0,0,36.4193004035585,"Source dim 0.5*13km, 1.0*27.5km. Source depth = 5.0 km. CR dim (32, 55)km, from tomography. Nested CR. Inner CR dim (22, 40)km, extends from 3-22 km. No shift. Outer CR dim (32, 55)km, from tomography. Outer CR extent 2-28 km. CR shift (-5, -0.75)km.  Burgers rheology with two viscosities. Inner eta_CR,1=1.2616E17 Pa*s, eta_CR,2=1.2616E16 Pa*s. Outer CR eta_1 = 3.154E16 eta_2 = 6.308E15 Pa*2. No asthenosphere, domain depth = 100 km. Domain(200x200x100) km. Courser mesh, CR refined (5 km)"
Yellowstone_Run197,Runs/run197,100000,23000,10,0.0025,638,500,0.1,3,0,0,1,5.99149344626547,0,0,35.9662607716777,"Source dim 0.5*13km, 1.0*27.5km. Source depth = 5.0 km. CR dim (32, 55)km, from tomography. Nested CR. Inner CR dim (22, 40)km, extends from 3-22 km. No shift. Outer CR dim (32, 55)km, from tomography. Outer CR extent 2-28 km. CR shift (-5, -0.75)km.  Burgers rheology with two viscosities. Inner eta_CR,1=1.2616E17 Pa*s, eta_CR,2=1.2616E16 Pa*s. Outer CR eta_1 = 6.308E16 eta_2 = 3.154E15 Pa*2. No asthenosphere, domain depth = 100 km. Domain(200x200x100) km. Courser mesh, CR refined (5 km)"
Yellowstone_Run198,Runs/run198,100000,23000,10,0.005,638,500,0.1,3,0,0,1,"Source dim 0.5*13km, 1.0*27.5km. Source depth = 5.0 km. CR dim (32, 55)km, from tomography. Nested CR. Inner CR dim (22, 40)km, extends from 3-22 km. No shift. Outer CR dim (32, 55)km, from tomography. Outer CR extent 2-28 km. CR shift (-5, -0.75)km.  Burgers rheology with two viscosities. Inner eta_CR,1=1.2616E17 Pa*s, eta_CR,2=1.2616E16 Pa*s. Outer CR eta_1 = 1.2616E16 eta_2 = 6.308E15 Pa*2. No asthenosphere, domain depth = 100 km. Domain(200x200x100) km. Courser mesh, CR refined (5 km)",,,,
Yellowstone_Run196_run2,Runs/run196_run2,100000,34000,10,0.005,638,500,0.1,3,0,0,1,5.88203735288696,0,0,36.4193004035585,"Source dim 0.5*13km, 1.0*27.5km. Source depth = 5.0 km. CR dim (32, 55)km, from tomography. Nested CR. Inner CR dim (22, 40)km, extends from 3-22 km. No shift. Outer CR dim (32, 55)km, from tomography. Outer CR extent 2-28 km. CR shift (-5, -0.75)km.  Burgers rheology with two viscosities. Inner eta_CR,1=1.2616E17 Pa*s, eta_CR,2=1.2616E16 Pa*s. Outer CR eta_1 = 3.154E16 eta_2 = 6.308E15 Pa*2. No asthenosphere, domain depth = 100 km. Domain(200x200x100) km. Courser mesh, CR refined (5 km)"
Yellowstone_Run199,Runs/run199,100000,34000,10,0.005,638,500,0.1,3,0,0,1,5.88203735288696,0,0,36.4193004035585,"Source dim 0.5*13km, 1.0*27.5km. Source depth = 5.0 km. CR dim (32, 55)km, from tomography. Nested CR. Inner CR dim (22, 40)km, extends from 3-22 km. No shift. Outer CR dim (32, 55)km, from tomography. Outer CR extent 2-28 km. CR shift (-5, -0.75)km.  Burgers rheology with two viscosities in inner CR, Maxwell outer. Inner eta_CR,1=1.2616E17 Pa*s, eta_CR,2=1.2616E16 Pa*s. Outer CR eta_1 = 1.2616E16 Pa*s. No asthenosphere, domain depth = 100 km. Domain(200x200x100) km. Courser mesh, CR refined (5 km)"
Yellowstone_Run192_run2,Runs/run192_run2,100000,23000,10,0.05,638,500,0.1,3,0,0,1,4.48414718324467,0,0.539663495891446,65.1028534823695,"Source dim 0.5*13km, 1.0*27.5km. Source depth = 4.0 km. CR dim (32, 55)km, from tomography. CR extent 2-28 km. CR shift (-5, -0.75)km.  MAxwell rheology. eta_CR=6.308E16 Pa*s. No asthenosphere, domain depth = 100 km. Courser mesh, CR refined (5 km)"
Yellowstone_Run193_run2,Runs/run193_run2,100000,23000,10,0.01,638,500,0.1,3,0,0,1,4.50455468569525,0,0.41352935647661,51.5785244664619,"Source dim 0.5*13km, 1.0*27.5km. Source depth = 4.0 km. CR dim (32, 55)km, from tomography. Nested CR. Inner CR dim (22, 40)km, extends from 3-22 km. No shift. Outer CR dim (32, 55)km, from tomography. Outer CR extent 2-28 km. CR shift (-5, -0.75)km.  Maxwell rheology. Inner eta_CR = 6.308E16 Pa*s. Outer CR eta_CR = 1.2616E16 Pa*s. No asthenosphere, domain depth = 100 km. Domain(200x200x100) km. Courser mesh, CR refined (5 km)"
Yellowstone_Run200,Runs/run200,100000,34000,10,0.005,638,500,0.1,3,0,0,1,5.88203735288696,0,0,36.4193004035585,"Source dim 0.5*13km, 1.0*27.5km. Source depth = 5.0 km. CR dim (32, 55)km, from tomography. Nested CR. Inner CR dim (22, 40)km, extends from 3-22 km. No shift. Outer CR dim (32, 55)km, from tomography. Outer CR extent 2-28 km. CR shift (-5, -0.75)km.  Burgers rheology with two viscosities. Inner eta_CR,1=1.2616E17 Pa*s, eta_CR,2=1.2616E16 Pa*s. Outer CR eta_1 = 3.154E16 eta_2 = 6.308E15 Pa*2. No asthenosphere, domain depth = 100 km. Domain(200x200x100) km. Courser mesh, CR refined (5 km). Identical to run196_run2 but with UNSMOOTHED P(t)"
Yellowstone_Run200_run2,Runs/run200_run2,100000,34000,10,0.005,638,500,0.1,3,0,0,1,5.88203735288696,0,0,36.4193004035585,"Source dim 0.5*13km, 1.0*27.5km. Source depth = 5.0 km. CR dim (32, 55)km, from tomography. Nested CR. Inner CR dim (22, 40)km, extends from 3-22 km. No shift. Outer CR dim (32, 55)km, from tomography. Outer CR extent 2-28 km. CR shift (-5, -0.75)km.  Burgers rheology with two viscosities. Inner eta_CR,1=1.2616E17 Pa*s, eta_CR,2=1.2616E16 Pa*s. Outer CR eta_1 = 3.154E16 eta_2 = 6.308E15 Pa*2. No asthenosphere, domain depth = 100 km. Domain(200x200x100) km. Courser mesh, CR refined (5 km). Identical to run196_run2 but with 1 yr window, 0.5 yr step smoothing"
Yellowstone_Run181_run5,Runs/run181_run5,100000,15000,10,0.01,638,500,0.1,3,0,0,1,"Refined CR (5 km). Identical to run181 otherwise, UC height = 10 km",,,,
Yellowstone_Run181_run6,Runs/run181_run6,100000,15000,10,0.01,638,500,0.1,3,0,0,1,"Refined CR (5 km). Identical to run181 otherwise, Quad basis order 1 throughout model",,,,
Yellowstone_Run181_run7,Runs/run181_run7,100000,15000,10,0.01,638,500,0.1,3,0,0,1,Source x dim = 13 km. Identical to run181_run3 otherwise,,,,
Yellowstone_Run201,Runs/run201,100000,23000,10,0.01,638,500,0.1,3,0,0,1,4.50455468569525,0,0,96.8695217943561,"Source dim 0.5*13km, 1.0*27.5km. Source depth = 4.0 km. CR dim (32, 55)km, from tomography. Nested CR. Inner CR dim (22, 40)km, extends from 3-22 km. No shift. Outer CR dim (32, 55)km, from tomography. Outer CR extent 2-28 km. CR shift (-5, -0.75)km.  Maxwell rheology. Inner eta_CR = 6.308E16 Pa*s. Outer CR eta_CR = 1.2616E16 Pa*s. No asthenosphere, domain depth = 100 km. Domain(200x200x100) km. Courser mesh, CR refined (5 km). Identical to run193_run2 but with UNSMOOTHED P(t)"
Yellowstone_Run201_run2,Runs/run201_run2,100000,23000,10,0.01,638,500,0.1,3,0,0,1,4.50455468569525,0,0,80.6796377159972,"Source dim 0.5*13km, 1.0*27.5km. Source depth = 4.0 km. CR dim (32, 55)km, from tomography. Nested CR. Inner CR dim (22, 40)km, extends from 3-22 km. No shift. Outer CR dim (32, 55)km, from tomography. Outer CR extent 2-28 km. CR shift (-5, -0.75)km.  Maxwell rheology. Inner eta_CR = 6.308E16 Pa*s. Outer CR eta_CR = 1.2616E16 Pa*s. No asthenosphere, domain depth = 100 km. Domain(200x200x100) km. Courser mesh, CR refined (5 km). Identical to run193_run2 but with 0.5 yr dt, 1 yr window smoothed P(t)"
